Session ID,session_1747367889170_7p4ti73
Prolific ID,6422f34be2b8257efb345837
Status,completed
Progress,27/27
Created At,"5/15/2025, 11:58:09 PM"
Updated At,"5/16/2025, 12:19:54 AM"
Completed At,"5/16/2025, 12:19:54 AM"

Question Number,Question,Answer
1,To what extent do you support or oppose universal healthcare policies that provide government-funded healthcare coverage for all citizens? Please explain your reasoning.,Health care should be affordable for all
2,"What do you think are the most significant impacts, positive or negative, of implementing a universal healthcare system?",It will reduce barriers among different classes of peopl
3,How do you think universal healthcare policies might affect healthcare quality and accessibility?,It would make it affordable and more coverage for all
4,What impact do you believe a universal healthcare system might have on medical innovation and research?,It will make a positive impact in innovation and research
5,How do you think universal healthcare might affect the economic burden on individuals and families?,It will lessen the burden significantly
6,What role do you believe government should play in healthcare delivery and financing?,Make it accessible for all. Healthcare is a scam in USA
7,How might healthcare provider concerns factor into decisions about universal healthcare implementation?,There will be initial transition struggles as we try to make it affordable for all by government policies and laws
8,"What economic effects, both positive and negative, might result from transitioning to a universal healthcare system?",It will have a huge economic positive from universal health system. All people will benefit irrespective of social class
9,How do you think the interests of taxpayers versus healthcare consumers should be balanced when making healthcare policy?,We pay enough tases as is to cover healthcare in full
10,What role do you think social equity and access to care play in discussions about healthcare policy?,The focus from just efficiency or cost  will translate to fairness among all people
11,How would you describe the relationship between Universal access and Support for universal healthcare? Is it a strong or weak connection? Does it have a positive effect (increasing it) or a negative effect (decreasing it)? How strong is this effect?,It is needed to have a practical sound healthcare policy that embraces all people
12,"What factors affect Support for universal healthcare, and which ones have the strongest influence? Please also indicate if these influences are positive (increasing) or negative (decreasing).",The demographics and income of the place will influence the support for universal healthcare
13,"Does Reducing barriers have a positive or negative effect on Support for universal healthcare, and how significant is this effect? Does it have a positive effect (increasing it) or a negative effect (decreasing it)? How strong is this effect?","yes, reducing barriers in race and status will increase positive effect"
14,"Would small changes in Affordability lead to noticeable changes in Support for universal healthcare, or would it take larger shifts? Does it have a positive effect (increasing it) or a negative effect (decreasing it)? How strong is this effect?","Yes, small changes will transition to bigger acceptance later"
15,"Would small changes in Positive impact on innovation lead to noticeable changes in Support for universal healthcare, or would it take larger shifts? Does it have a positive effect (increasing it) or a negative effect (decreasing it)? How strong is this effect?",Positive impact on innovation will reduce resistance and increase support among middle and low income people
16,How would you describe the relationship between Economic burden and Support for universal healthcare? Is it a strong or weak connection? Does it have a positive effect (increasing it) or a negative effect (decreasing it)? How strong is this effect?,Its a fine line to try and balance the economic burden and universal healthcare
17,"Does Criticism of Current System have a positive or negative effect on Support for universal healthcare, and how significant is this effect? Does it have a positive effect (increasing it) or a negative effect (decreasing it)? How strong is this effect?",The current system is a scam. Even 3rd world countries can afford better healthcare for its people
18,"Is the effect of Social equality on Support for universal healthcare immediate, or does it take time to develop? Does it have a positive effect (increasing it) or a negative effect (decreasing it)? How strong is this effect?",The support will be immediate in the middle and low income people
19,"Would small changes in Economic benefits lead to noticeable changes in Support for universal healthcare, or would it take larger shifts? Does it have a positive effect (increasing it) or a negative effect (decreasing it)? How strong is this effect?","yes, small changes in economic benefits can create noticeable ripple effects in public and political support"
20,"Is the effect of Fairness on Support for universal healthcare immediate, or does it take time to develop? Does it have a positive effect (increasing it) or a negative effect (decreasing it)? How strong is this effect?",It will be apparent immediately in the middle income group
21,"What factors do you think influence Affordable healthcare, and how strong is their impact? Please also indicate if these influences are positive (increasing) or negative (decreasing).","The insurance coverage types, access to emergency and preventive care and government policy will have a huge impact"
22,How would you describe the relationship between Positive effect and Support for universal healthcare? Is it a strong or weak connection? Does it have a positive effect (increasing it) or a negative effect (decreasing it)? How strong is this effect?,"More families would have better access to healthcare, improved health for the community as a whole"
23,"Would small changes in Resistance lead to noticeable changes in Support for universal healthcare, or would it take larger shifts? Does it have a positive effect (increasing it) or a negative effect (decreasing it)? How strong is this effect?","Yes, but it will diminish over time"
24,How confident are you that changes in Middle and low income people lead to changes in Support for universal healthcare? Does it have a positive effect (increasing it) or a negative effect (decreasing it)? How strong is this effect?,They will definitely support it because it saves them money
25,"Does Ripple effects have a positive or negative effect on Support for universal healthcare, and how significant is this effect? Does it have a positive effect (increasing it) or a negative effect (decreasing it)? How strong is this effect?",Ripple effect will create more awareness of the good of universal healthcare and gather support
26,"Does Immediate effect have a positive or negative effect on Support for universal healthcare, and how significant is this effect? Does it have a positive effect (increasing it) or a negative effect (decreasing it)? How strong is this effect?",Immediate effect will be seen positively for the people it has helped.
27,"What do you think are the main causes of Universal healthcare system, and how certain are you about these relationships? Please also indicate if these influences are positive (increasing) or negative (decreasing).",There is inequalities in access to health care and the pressure to handle healthcare costs is huge. The government can enact laws to solve this crisis