Session ID,session_1747322684819_komi3up
Prolific ID,67ad193553c9041650416662
Status,completed
Progress,24/24
Created At,"5/15/2025, 11:24:44 AM"
Updated At,"5/15/2025, 11:49:01 AM"
Completed At,"5/15/2025, 11:49:01 AM"

Question Number,Question,Answer
1,To what extent do you support or oppose the widespread deployment of surveillance cameras in public spaces? Please explain your reasoning.,I somewhat support the use of surveillance cameras in public spaces. Cameras can help make places safer by stopping crime or helping police find out what happened. They can also make people feel more secure.
2,"What do you think are the most significant impacts, positive or negative, of increasing surveillance camera coverage in urban areas?","Putting more cameras in cities can help make places safer. They can stop crime and help police find out what happened. Some people feel safer when cameras are around. But cameras can also make people feel like they have no privacy. If not used well, the videos could be used in the wrong way or to watch some people more than others. It is important to have clear rules to use cameras in a fair and safe way."
3,How do you think surveillance technologies might affect public safety and crime rates?,it will have a positive effect on safety an crimes rates
4,What impact do you believe increased surveillance might have on personal privacy and individual liberties?,it will have positive impact
5,How do you think surveillance camera systems might affect community trust and police-community relations?,"Surveillance cameras will increase, community trust, and police-community"
6,What role do you believe government should play in regulating surveillance technologies and data collection?,government should set regulations to avoid surveillance cameras being used in a manner that will threaten individuals privacy and security
7,How might technological concerns about accuracy and reliability factor into decisions about surveillance systems?,"If the cameras or software make mistakes, like wrongly identifying people or missing important events, it can lead to problems. People could be treated unfairly, or crimes might not be solved"
8,"What economic effects, both positive and negative, might result from investing in widespread surveillance infrastructure?","Positive effects will include
It can create jobs for people who install, watch, and manage the cameras. It may help reduce crime, which can save money for businesses and cities. and Safer areas can attract more people and business activity.

negative effects as follows. It costs a lot of money to buy, install, and maintain the cameras. it could lead to legal costs or harm to people’s reputations. and lastly Some people may avoid areas with heavy surveillance, which can hurt local businesses"
9,How do you think the interests of law enforcement versus privacy advocates should be balanced when making surveillance policy?,their interests should be equally balanced as both of them are important in the sosciety
10,What role do you think social equity and potential bias play in discussions about surveillance technologies?,They have positive and negative impacts
11,"Would small changes in Crime prevention lead to noticeable changes in Support for surveillance camera, or would it take larger shifts? Does it have a positive effect (increasing it) or a negative effect (decreasing it)? How strong is this effect?","yes, it will has strong positive changes"
12,"What factors affect Support for surveillance camera, and which ones have the strongest influence? Please also indicate if these influences are positive (increasing) or negative (decreasing).","positive impact,  Fear of Crime – Very strong
When people are worried about safety, they are more likely to support cameras. High Crime Rates in the Area – Strong
In places with more crime, people want more security and support for camera use.

negative impact
Privacy Concerns – Very strong; People who worry about being watched or losing freedom often oppose surveillance. Fear of Government Misuse – Strong people think the government may use cameras unfairly, support goes down."
13,"Would small changes in Public safety lead to noticeable changes in Support for surveillance camera, or would it take larger shifts? Does it have a positive effect (increasing it) or a negative effect (decreasing it)? How strong is this effect?","yes the effects will be small but noticeable over significant amount of time, it has strong positive changes"
14,"Would small changes in Positive impact lead to noticeable changes in Support for surveillance camera, or would it take larger shifts? Does it have a positive effect (increasing it) or a negative effect (decreasing it)? How strong is this effect?","yes positive changes will impact the changes insurport, it will have strong positive impact"
15,How confident are you that changes in Community trust lead to changes in Support for surveillance camera? Does it have a positive effect (increasing it) or a negative effect (decreasing it)? How strong is this effect?,I am very confident that changes in community trust affect support for surveillance cameras.This effect is strong positive
16,How would you describe the relationship between Privacy and Support for surveillance camera? Is it a strong or weak connection? Does it have a positive effect (increasing it) or a negative effect (decreasing it)? How strong is this effect?,Privacy concerns have a strong negative effect on support for surveillance cameras.
17,"Is the effect of Unfair treatment due to errors on Support for surveillance camera immediate, or does it take time to develop? Does it have a positive effect (increasing it) or a negative effect (decreasing it)? How strong is this effect?",The effect of unfair treatment due to errors on support for surveillance cameras usually takes time to develop. It has a negative effect (decreasing support) and can be strong once people hear about mistakes or unfair use.
18,How would you describe the relationship between Economic savings and Support for surveillance camera? Is it a strong or weak connection? Does it have a positive effect (increasing it) or a negative effect (decreasing it)? How strong is this effect?,Economic savings have a weak positive effect on support for surveillance cameras. It slightly increases support but is not very strong.
19,"Is the effect of Equally balanced on Support for surveillance camera immediate, or does it take time to develop? Does it have a positive effect (increasing it) or a negative effect (decreasing it)? How strong is this effect?",The effect of feeling surveillance is balanced takes time to develop. It has a moderate positive effect on support.
20,"Does Positive Impacts have a positive or negative effect on Support for surveillance camera, and how significant is this effect? Does it have a positive effect (increasing it) or a negative effect (decreasing it)? How strong is this effect?",Positive impacts have a strong positive effect on support for surveillance cameras. They increase support significantly.
21,"Would small changes in Positive Effect lead to noticeable changes in Support for surveillance camera, or would it take larger shifts? Does it have a positive effect (increasing it) or a negative effect (decreasing it)? How strong is this effect?",Small positive changes can lead to noticeable increases in support for surveillance cameras. This effect is positive and strong.
22,"What might lead to increases or decreases in Surveillance cameras in public spaces, and how significant are these effects? Please also indicate if these influences are positive (increasing) or negative (decreasing).","Rising crime rates, public demand for safety, and government funding increase surveillance cameras with strong positive effects. Privacy concerns, misuse reports, and budget cuts decrease cameras, with strong to medium negative effects."
23,"Would small changes in Privacy concerns lead to noticeable changes in Support for surveillance camera, or would it take larger shifts? Does it have a positive effect (increasing it) or a negative effect (decreasing it)? How strong is this effect?",Small changes in privacy concerns can lead to noticeable decreases in support for surveillance cameras. This effect is negative and strong.
24,"Is the effect of Noticeable Changes Over Time on Support for surveillance camera immediate, or does it take time to develop? Does it have a positive effect (increasing it) or a negative effect (decreasing it)? How strong is this effect?","The effect of noticeable changes over time on support for surveillance cameras takes time to develop. It can have either a positive or negative effect, depending on the changes, and is usually moderate in strength."