Session ID,session_1747370681481_dmxnrmx
Prolific ID,67e70a61f963fecfc78db7ab
Status,completed
Progress,28/28
Created At,"5/16/2025, 12:44:41 AM"
Updated At,"5/16/2025, 12:55:40 AM"
Completed At,"5/16/2025, 12:55:40 AM"

Question Number,Question,Answer
1,To what extent do you support or oppose universal healthcare policies that provide government-funded healthcare coverage for all citizens? Please explain your reasoning.,I support the universal healthcare a lot.
2,"What do you think are the most significant impacts, positive or negative, of implementing a universal healthcare system?",It's positive because a lot of people can get basic healthcare.
3,How do you think universal healthcare policies might affect healthcare quality and accessibility?,"It would probably impact the quality a little bit, but certainly a lot."
4,What impact do you believe a universal healthcare system might have on medical innovation and research?,"It won't have much, I don't think it's at all, because France, you know, they have the most advanced innovation there, and they have a universal healthcare system, very well built."
5,How do you think universal healthcare might affect the economic burden on individuals and families?,The most burden now is the health care costs and housing. So that's probably not even a problem at all.
6,What role do you believe government should play in healthcare delivery and financing?,They should build public hospitals.
7,How might healthcare provider concerns factor into decisions about universal healthcare implementation?,They shouldn't concern the healthcare provider because they can be hired by the public hospital or they can practice in private.
8,"What economic effects, both positive and negative, might result from transitioning to a universal healthcare system?",It should be positive because people can afford healthcare and then they have more income to spend on other things.
9,How do you think the interests of taxpayers versus healthcare consumers should be balanced when making healthcare policy?,"The taxpayer are the health care consumers, they are the same."
10,What role do you think social equity and access to care play in discussions about healthcare policy?,It's probably get a lot of support because health care costs is definitely a problem for tons of people.
11,"What might lead to increases or decreases in Support for universal healthcare, and how significant are these effects? Please also indicate if these influences are positive (increasing) or negative (decreasing).","The campaign from, you know, all those private company, from hospital, things that they want to make profit, they definitely advocate for no. But for the rest of us, we're going to vote for yes."
12,How would you describe the relationship between Basic healthcare access and Support for universal healthcare? Is it a strong or weak connection? Does it have a positive effect (increasing it) or a negative effect (decreasing it)? How strong is this effect?,"It's a strong connection because we don't have basic health care and we have some then for a lot of healthy people, it's not going to be a problem."
13,"Would small changes in Impact on healthcare accessibility lead to noticeable changes in Support for universal healthcare, or would it take larger shifts? Does it have a positive effect (increasing it) or a negative effect (decreasing it)? How strong is this effect?","Yeah, noticeable changes, because once there's access to it, people will use it."
14,"Is the effect of Medical innovation on Support for universal healthcare immediate, or does it take time to develop? Does it have a positive effect (increasing it) or a negative effect (decreasing it)? How strong is this effect?","It shouldn't really impact a lot, like I said, you know, France had it, France have it, France has it, and you know, it's no impact a lot, they have the most innovation for medical."
15,"Would small changes in Public hospitals lead to noticeable changes in Support for universal healthcare, or would it take larger shifts? Does it have a positive effect (increasing it) or a negative effect (decreasing it)? How strong is this effect?",It would take more public hospitals to have more impact.
16,"Would small changes in Affordable healthcare lead to noticeable changes in Support for universal healthcare, or would it take larger shifts? Does it have a positive effect (increasing it) or a negative effect (decreasing it)? How strong is this effect?","Even small changes in affordable healthcare will lead to a lot of support, yes."
17,How confident are you that changes in Taxpayers as healthcare consumers lead to changes in Support for universal healthcare? Does it have a positive effect (increasing it) or a negative effect (decreasing it)? How strong is this effect?,They are the same. They will use it because they face the same problem.
18,"Would small changes in Healthcare costs lead to noticeable changes in Support for universal healthcare, or would it take larger shifts? Does it have a positive effect (increasing it) or a negative effect (decreasing it)? How strong is this effect?","It is, because it's so high nowadays for the healthcare costs, even small changes will just add a bigger burden on the citizens."
19,"Is the effect of Access to care on Support for universal healthcare immediate, or does it take time to develop? Does it have a positive effect (increasing it) or a negative effect (decreasing it)? How strong is this effect?","to be emitted today, positively."
20,How would you describe the relationship between Advocacy against universal healthcare and Support for universal healthcare? Is it a strong or weak connection? Does it have a positive effect (increasing it) or a negative effect (decreasing it)? How strong is this effect?,The advocacy against universal health care would be strong because people profit from it would not want to change it.
21,"What factors do you think influence Universal healthcare system, and how strong is their impact? Please also indicate if these influences are positive (increasing) or negative (decreasing).","Government policy, you know, definitely change it positively."
22,"Would small changes in Universal healthcare lead to noticeable changes in Support for universal healthcare, or would it take larger shifts? Does it have a positive effect (increasing it) or a negative effect (decreasing it)? How strong is this effect?","Yes, you already asked this question. Yes, small changes in universal health care lead to noticeable changes in support for universal health care positively."
23,"Does France as an example have a positive or negative effect on Support for universal healthcare, and how significant is this effect? Does it have a positive effect (increasing it) or a negative effect (decreasing it)? How strong is this effect?","A lot of people are actually using France as an example, and we're seeing positive results. And why can't we do it here?"
24,How confident are you that changes in Impact on support for universal healthcare lead to changes in Support for universal healthcare? Does it have a positive effect (increasing it) or a negative effect (decreasing it)? How strong is this effect?,"very positively, a lot."
25,"Does Citizens' financial burden have a positive or negative effect on Support for universal healthcare, and how significant is this effect? Does it have a positive effect (increasing it) or a negative effect (decreasing it)? How strong is this effect?","Yes, if we're world rich, then we don't have this problem, right? And that's because average citizens, you know, they can only earn so much and it's even more than they earn has or have to go to the healthcare. That doesn't make any sense."
26,How confident are you that changes in Positive effect lead to changes in Support for universal healthcare? Does it have a positive effect (increasing it) or a negative effect (decreasing it)? How strong is this effect?,"Very confident, positively, and a lot."
27,How confident are you that changes in Strong connection lead to changes in Support for universal healthcare? Does it have a positive effect (increasing it) or a negative effect (decreasing it)? How strong is this effect?,"well confident, positively, and so on."
28,"Does Positive influence have a positive or negative effect on Support for universal healthcare, and how significant is this effect? Does it have a positive effect (increasing it) or a negative effect (decreasing it)? How strong is this effect?",Positive influence has a positive effect on support.