Session ID,session_1747366429039_o3ohr7z
Prolific ID,6422f34be2b8257efb345837
Status,completed
Progress,23/23
Created At,"5/15/2025, 11:33:49 PM"
Updated At,"5/15/2025, 11:55:13 PM"
Completed At,"5/15/2025, 11:55:13 PM"

Question Number,Question,Answer
1,To what extent do you support or oppose the widespread deployment of surveillance cameras in public spaces? Please explain your reasoning.,"I think its ok, they prevent crime"
2,"What do you think are the most significant impacts, positive or negative, of increasing surveillance camera coverage in urban areas?",They can monitor crowd and identify emergencies easily
3,How do you think surveillance technologies might affect public safety and crime rates?,It will help with evidence in case of crime
4,What impact do you believe increased surveillance might have on personal privacy and individual liberties?,Privacy is reduced but its the balancing of good and bad
5,How do you think surveillance camera systems might affect community trust and police-community relations?,It will be seen as a good thing for public reassurance for safety
6,What role do you believe government should play in regulating surveillance technologies and data collection?,"They should do so in a way that does not invade privacy, maybe delete footage periodically"
7,How might technological concerns about accuracy and reliability factor into decisions about surveillance systems?,"There could be a lot of legal and ethical concerns  when technology creates a false positive, or there is a bias to some community"
8,"What economic effects, both positive and negative, might result from investing in widespread surveillance infrastructure?",There is likely to be less crime when cameras are present.
9,How do you think the interests of law enforcement versus privacy advocates should be balanced when making surveillance policy?,Policies must be transparent on when the footage can be used. it should follow democracy for people
10,What role do you think social equity and potential bias play in discussions about surveillance technologies?,Some races might be unfairly targeted due to stereotypes
11,How confident are you that changes in Crime prevention lead to changes in Support for surveillance camera? Does it have a positive effect (increasing it) or a negative effect (decreasing it)? How strong is this effect?,I think there will always be people for and against surveillance
12,"What factors affect Support for surveillance camera, and which ones have the strongest influence? Please also indicate if these influences are positive (increasing) or negative (decreasing).",public safety and trust that it will be used for good of society will have strong influence
13,"Does Crowd monitoring have a positive or negative effect on Support for surveillance camera, and how significant is this effect? Does it have a positive effect (increasing it) or a negative effect (decreasing it)? How strong is this effect?","In public spaces, crowd needs to be monitored and it will be seen in positive light"
14,How confident are you that changes in Evidence in Crime Cases lead to changes in Support for surveillance camera? Does it have a positive effect (increasing it) or a negative effect (decreasing it)? How strong is this effect?,When people see the good that surveillance can catch the bad people they will be supportive
15,"Is the effect of Balancing good and bad on Support for surveillance camera immediate, or does it take time to develop? Does it have a positive effect (increasing it) or a negative effect (decreasing it)? How strong is this effect?",It is immediate in cases when the outcome is positive
16,"Does Safety have a positive or negative effect on Support for surveillance camera, and how significant is this effect? Does it have a positive effect (increasing it) or a negative effect (decreasing it)? How strong is this effect?",It is significantly positive if used for the right reasons
17,"Would small changes in Privacy lead to noticeable changes in Support for surveillance camera, or would it take larger shifts? Does it have a positive effect (increasing it) or a negative effect (decreasing it)? How strong is this effect?","Yes, when people are protected...it will have a positive effect for supporting surveillance"
18,"Is the effect of Legal concerns on Support for surveillance camera immediate, or does it take time to develop? Does it have a positive effect (increasing it) or a negative effect (decreasing it)? How strong is this effect?","When people have awareness and see how its implemented for the greater good, they will support it"
19,"Does Democracy have a positive or negative effect on Support for surveillance camera, and how significant is this effect? Does it have a positive effect (increasing it) or a negative effect (decreasing it)? How strong is this effect?",When democracy is not compromised for any set of elope it will be supported
20,"Does Racial Stereotypes have a positive or negative effect on Support for surveillance camera, and how significant is this effect? Does it have a positive effect (increasing it) or a negative effect (decreasing it)? How strong is this effect?",Its likely to be negative predominantly. Racial profiling and discrimination will cause fear
21,What causes changes in Surveillance cameras in public spaces? Are these influences strong or weak?,Crime rates and general publics economic status will impact surveillance cameras
22,"Does Immediate effect have a positive or negative effect on Support for surveillance camera, and how significant is this effect? Does it have a positive effect (increasing it) or a negative effect (decreasing it)? How strong is this effect?","It will not be immediate, it will take time to be a positive impact"
23,"Does Negative Effect have a positive or negative effect on Support for surveillance camera, and how significant is this effect? Does it have a positive effect (increasing it) or a negative effect (decreasing it)? How strong is this effect?",Negative effect will significantly concern the public approval for surveillance