Session ID,session_1747367104399_b7xvsi6
Prolific ID,5a3bdd2c8d005a0001829f3e
Status,completed
Progress,29/29
Created At,"5/15/2025, 11:45:04 PM"
Updated At,"5/16/2025, 12:07:05 AM"
Completed At,"5/16/2025, 12:07:05 AM"

Question Number,Question,Answer
1,To what extent do you support or oppose universal healthcare policies that provide government-funded healthcare coverage for all citizens? Please explain your reasoning.,"I fully support it, as access to healthcare should be a right to all, even to people who cannot afford regular healthcare."
2,"What do you think are the most significant impacts, positive or negative, of implementing a universal healthcare system?",There are only positive impacts. This includes people getting care no matter what and removing discrimination among medical choices by doctors.
3,How do you think universal healthcare policies might affect healthcare quality and accessibility?,"Healthcare quality would remain the same, but be a lot more accessible to all. Only good things can come from it."
4,What impact do you believe a universal healthcare system might have on medical innovation and research?,"It will not directly impact it, and medical innovation and research would carry on as usual."
5,How do you think universal healthcare might affect the economic burden on individuals and families?,It will make the cost of living a lot more affordable. Not having to worry about medical bills would be so relieving overall.
6,What role do you believe government should play in healthcare delivery and financing?,They should create a law that immediately grants free healthcare to all for any reason.
7,How might healthcare provider concerns factor into decisions about universal healthcare implementation?,Their concerns should not matter if they truly care about helping people better themselves.
8,"What economic effects, both positive and negative, might result from transitioning to a universal healthcare system?",Only positive effects can come from it. More people would get access to important care and not go bankrupt over it.
9,How do you think the interests of taxpayers versus healthcare consumers should be balanced when making healthcare policy?,"Taxpayers already pay taxes on unimportant things, so paying for this should be no issue. If anything, allow people to opt out."
10,What role do you think social equity and access to care play in discussions about healthcare policy?,Social equity and access to care are vital in these discussions because all people should be seen as equals in healthcare and every other thing. Social equity must be given respect.
11,"Is the effect of Universal healthcare on Support for universal healthcare immediate, or does it take time to develop? Does it have a positive effect (increasing it) or a negative effect (decreasing it)? How strong is this effect?","It would take a few years so that people could see its effects, but the effects would be lasting."
12,"What do you think are the main causes of Support for universal healthcare, and how certain are you about these relationships? Please also indicate if these influences are positive (increasing) or negative (decreasing).","People know that healthcare bills can bankrupt them, so people will gladly support it for that. Also, equal access to treatments plays a huge role in its overall support."
13,How confident are you that changes in Access to care for all lead to changes in Support for universal healthcare? Does it have a positive effect (increasing it) or a negative effect (decreasing it)? How strong is this effect?,"Very positive, and the positive effects will be strong. Everyone wants good access to treatments when they need them, so people will be a lot more supportive."
14,"Is the effect of Healthcare accessibility on Support for universal healthcare immediate, or does it take time to develop? Does it have a positive effect (increasing it) or a negative effect (decreasing it)? How strong is this effect?","It is relatively immediate and strong in a positive way, because accessibility shows people that they will not feel left out."
15,"Would small changes in Medical innovation lead to noticeable changes in Support for universal healthcare, or would it take larger shifts? Does it have a positive effect (increasing it) or a negative effect (decreasing it)? How strong is this effect?","I do not believe innovation in medical research will impact support in any direction, as people see care as care, regardless of what is being treated."
16,"Would small changes in Research lead to noticeable changes in Support for universal healthcare, or would it take larger shifts? Does it have a positive effect (increasing it) or a negative effect (decreasing it)? How strong is this effect?","No, research would only have positive impact on trust in medicine overall, but not for support for universal healthcare in any direction."
17,How confident are you that changes in Cost of living lead to changes in Support for universal healthcare? Does it have a positive effect (increasing it) or a negative effect (decreasing it)? How strong is this effect?,"Very confident, because people see how expensive medical bills are, so they will be a lot more likely to support universal healthcare, especially because it hits so close to home."
18,"Does Free healthcare have a positive or negative effect on Support for universal healthcare, and how significant is this effect? Does it have a positive effect (increasing it) or a negative effect (decreasing it)? How strong is this effect?","I am very confident that it has a strong positive effect in support, as people like free things. Healthcare is no different."
19,How would you describe the relationship between Universal healthcare implementation and Support for universal healthcare? Is it a strong or weak connection? Does it have a positive effect (increasing it) or a negative effect (decreasing it)? How strong is this effect?,"The better it is implemented, the more support there will be on such a large scale. Seeing seamless implementation leads to higher levels of overall trust."
20,"Is the effect of Increased access to care on Support for universal healthcare immediate, or does it take time to develop? Does it have a positive effect (increasing it) or a negative effect (decreasing it)? How strong is this effect?","It takes time to develop, maybe years, because trust is not gained overnight, especially in important areas like healthcare access. However, once trust is built, it will continue to build very positively."
21,How confident are you that changes in Taxpayer burden lead to changes in Support for universal healthcare? Does it have a positive effect (increasing it) or a negative effect (decreasing it)? How strong is this effect?,"If there is a lesser tax burden through universal healthcare access, then people will strongly support it. If it increases the taxes on people who do not need healthcare, then they might feel it is unfair."
22,"Does Equality in healthcare have a positive or negative effect on Support for universal healthcare, and how significant is this effect? Does it have a positive effect (increasing it) or a negative effect (decreasing it)? How strong is this effect?","It has a strong positive effect, because people like to feel like equals in important fields like healthcare."
23,How would you describe the relationship between Lasting effects and Support for universal healthcare? Is it a strong or weak connection? Does it have a positive effect (increasing it) or a negative effect (decreasing it)? How strong is this effect?,Lasting effects in universal healthcare would have strong impacts because people like to see large sample sizes of consistency when it comes to lasting effects.
24,What causes changes in Access to healthcare as a right? Are these influences strong or weak?,"Lack of availability of medical providers would have a strong negative impact on access. However, better policies and laws could help to ease these concerns."
25,How would you describe the relationship between Positive effect and Support for universal healthcare? Is it a strong or weak connection? Does it have a positive effect (increasing it) or a negative effect (decreasing it)? How strong is this effect?,"Anything that has positive effects will by nature lead to stronger support on a massive scale, as positive things lead to more trust overall."
26,"Would small changes in Medical bills lead to noticeable changes in Support for universal healthcare, or would it take larger shifts? Does it have a positive effect (increasing it) or a negative effect (decreasing it)? How strong is this effect?","There will be strong impacts, if people see high medical bills, they will be a lot more likely to support universal healthcare, and vice versa."
27,How confident are you that changes in Confidence in correlation lead to changes in Support for universal healthcare? Does it have a positive effect (increasing it) or a negative effect (decreasing it)? How strong is this effect?,"I am sure that the effects are both strong and positive. This is because confidence is on its own something extremely positive, especially in healthcare access."
28,What causes changes in Universal healthcare system? Are these influences strong or weak?,Hello? I do not see your comment.
29,"What do you think are the main causes of Medical innovation, and how certain are you about these relationships? Please also indicate if these influences are positive (increasing) or negative (decreasing).",The main causes are better scientific research and general trust from the public in medical approaches. I am positive that these have strong positive impacts on overall trust.