Session ID,session_1747367185509_rq7y7ro
Prolific ID,660982bb12941e7442c18325
Status,completed
Progress,25/25
Created At,"5/15/2025, 11:46:25 PM"
Updated At,"5/15/2025, 11:59:48 PM"
Completed At,"5/15/2025, 11:59:48 PM"

Question Number,Question,Answer
1,To what extent do you support or oppose universal healthcare policies that provide government-funded healthcare coverage for all citizens? Please explain your reasoning.,I say that I support it because I think everyone deserves free health care like you know cheap health care regardless of how uh of their income because like it's people you know people are important they're like they're people are like just like any other people are people every person is equal and I think everyone deserves equal health care and stuff
2,"What do you think are the most significant impacts, positive or negative, of implementing a universal healthcare system?","I mean, I think obviously the most positive thing is that there's going to be a lot more lives saved or something. Treatment is going to be like, you know, not as expensive. I mean, I think the only negative thing about it is maybe like the cost and like the medical side to it, I guess."
3,How do you think universal healthcare policies might affect healthcare quality and accessibility?,"Uh, maybe we might use lower quality healthcare equipment, but I don't think it's going to make that much of a difference, right? Surely."
4,What impact do you believe a universal healthcare system might have on medical innovation and research?,"I feel like having a universal healthcare system will impact innovation and research in a good way, right? Because, you know, folks should be like, you know, bro, it's so expensive. And I think it's nice that if they try to research on how to lower the cost and stuff. You know, what we have right now. So I think we will have better research and innovation."
5,How do you think universal healthcare might affect the economic burden on individuals and families?,"I don't think it will affect them cause like, ain't this like, ain't this, uh, ain't this makes healthcare like a lot more cheaper? I don't think it should have an effect on individuals with like, you know, a pretty bad income or something."
6,What role do you believe government should play in healthcare delivery and financing?,I don't know how to answer that.
7,How might healthcare provider concerns factor into decisions about universal healthcare implementation?,"Um, I think it might still have the, it might have to find ways to, uh, I guess make it lower cost or something."
8,"What economic effects, both positive and negative, might result from transitioning to a universal healthcare system?","Um, I think like because of healthcare, like from the healthcare side, not like the, uh, individual side will be like, the money will like add up, which is not really good. But at the same time, ain't like the government, like, ain't defunding it. That's a good thing. Right."
9,How do you think the interests of taxpayers versus healthcare consumers should be balanced when making healthcare policy?,"I mean, their taxes are like, they a big, I don't know, just, it's really pretty unbalanced or like, you know, just, you know, make it like, college right now. I don't know. They, they do something, I don't know."
10,What role do you think social equity and access to care play in discussions about healthcare policy?,"I mean, I think that's the point of having universal health care is social equality. That's the point, right? That's already a rule. Like, equality is already, like, a rule. I don't really... Right?"
11,How would you describe the relationship between Universal healthcare and Support for universal healthcare? Is it a strong or weak connection? Does it have a positive effect (increasing it) or a negative effect (decreasing it)? How strong is this effect?,I'm mad I shouldn't do this because I don't think we have universal health care right now. Right now. I don't think we have universal health care right now. And I bet there's tons of people wanting and supporting it. But I don't think it has changed. So I say that it has no effect.
12,"Does Equal access to healthcare have a positive or negative effect on Support for universal healthcare, and how significant is this effect? Does it have a positive effect (increasing it) or a negative effect (decreasing it)? How strong is this effect?","I say positive because, like, we save your lives by having equal access. Like, we don't need to pay a billion dollars just for, like, a freaking scab on your leg or something. So I say it's pretty, uh, pretty strong positive."
13,How confident are you that changes in Affordable treatment lead to changes in Support for universal healthcare? Does it have a positive effect (increasing it) or a negative effect (decreasing it)? How strong is this effect?,"But I'm not really confident, oh yeah, just because it's the US."
14,What causes changes in Support for universal healthcare? Are these influences strong or weak?,"I guess it's the equipment and did that like influence the support of having universal health care and like the economy, I guess. And just from trying to weak, I stay in the middle."
15,"Does Impact on healthcare quality have a positive or negative effect on Support for universal healthcare, and how significant is this effect? Does it have a positive effect (increasing it) or a negative effect (decreasing it)? How strong is this effect?","I say positive because I ain't like the hospitals in the U.S., like, they're like, you know, a lot better than like, you know, the country and the states around us. State? No, country. Yeah, country. So, uh, I say neither. I don't think it's a positive nor a negative."
16,"Is the effect of Lowering costs on Support for universal healthcare immediate, or does it take time to develop? Does it have a positive effect (increasing it) or a negative effect (decreasing it)? How strong is this effect?","We're just doing, um, I said that it would take time to light this head up, and I think over time it might, um, turn into a positive effect."
17,How would you describe the relationship between Cost reduction and Support for universal healthcare? Is it a strong or weak connection? Does it have a positive effect (increasing it) or a negative effect (decreasing it)? How strong is this effect?,"I say strong, like that's the point of universal health care, you want to pay less for your treatment, that's the point, it's a strong connection, and it's a positive effect."
18,How confident are you that changes in Cost considerations lead to changes in Support for universal healthcare? Does it have a positive effect (increasing it) or a negative effect (decreasing it)? How strong is this effect?,"Um, I don't know. I guess that depends. Uh, like, whatever, you know, what's your healthcare, like, you know, cost. Might be up or down depending on, like, uh, how the U.S. is, I guess. So, uh, neither."
19,How confident are you that changes in Government funding for healthcare lead to changes in Support for universal healthcare? Does it have a positive effect (increasing it) or a negative effect (decreasing it)? How strong is this effect?,"I say, I say a little positive and a little strong. I'm a little calm and neutral, so I'm a little on everything."
20,"Is the effect of Universal Health Care on Support for universal healthcare immediate, or does it take time to develop? Does it have a positive effect (increasing it) or a negative effect (decreasing it)? How strong is this effect?","I think that'll take time to develop, and like I said, it might slowly turn into a positive effect, but uh, yeah."
21,"What factors affect Universal healthcare, and which ones have the strongest influence? Please also indicate if these influences are positive (increasing) or negative (decreasing).",THE ECONOMY
22,How confident are you that changes in Positive effect lead to changes in Support for universal healthcare? Does it have a positive effect (increasing it) or a negative effect (decreasing it)? How strong is this effect?,"Well like I said, I think it will slowly turn into a positive effect, but for now I'm like no neutral about it. But I feel like over time it's gonna like, you know, be a good thing, a good thing."
23,How confident are you that changes in Neutral stance lead to changes in Support for universal healthcare? Does it have a positive effect (increasing it) or a negative effect (decreasing it)? How strong is this effect?,"I mean, I already said that, so what? Yeah I was feeling pretty confident, because you know obviously like when this is like implemented it's probably going to be like bad at first, but I mean like I said over time it's going to be a good thing."
24,"Does The Economy have a positive or negative effect on Support for universal healthcare, and how significant is this effect? Does it have a positive effect (increasing it) or a negative effect (decreasing it)? How strong is this effect?",I think it depends on the president
25,How confident are you that changes in Long-term positive outcome lead to changes in Support for universal healthcare? Does it have a positive effect (increasing it) or a negative effect (decreasing it)? How strong is this effect?,"I did not say any of that. I said, like, for the last question, I said it depends on the president, but for this question, no. Um, I mean, yeah, long-term positive outcomes. Yeah, I'm confident about that, because if you're going to say what it says, like, long term, it will take time. And over time, like, we're going to have ideas and developments about, like, you know, how's your health carry on, like, you know, do this or do that. And it's going to slowly be good."