Session ID,session_1747369518839_5q3lkdu
Prolific ID,5f85bcb11941de066ef7d941
Status,completed
Progress,50/50
Created At,"5/16/2025, 12:25:18 AM"
Updated At,"5/16/2025, 12:44:03 AM"
Completed At,"5/16/2025, 12:44:03 AM"

Question Number,Question,Answer
1,Welcome to the Trace Your Thinking interview system. This platform is designed to capture your thoughts about urban zoning and housing development. Would you like me to guide you through using this system?,"Yes, I like."
2,"You have two options for answering questions: voice recording or typing. For voice recording, press the microphone button (ðŸŽ¤) or the Space key to start recording. When finished, press the microphone button or Space key again to stop. You can also press ESC to cancel. The system will automatically transcribe and submit your response after recording. Would you like to try voice recording now?",I like typing.
3,"For text input, click the message icon (ðŸ’¬) to switch modes. Type your response in the text box. Press Ctrl+Enter or click the send button (âž¤) to submit. You can press ESC to clear your text. Would you like to try text input now?",Yes
4,"You can switch between voice and text modes at any time. In voice mode, the microphone button will show as red when recording is active. During transcription, you'll see 'Transcribing your speech...' and your answer will be automatically submitted once ready. Feel comfortable with the system now?",Yes
5,"As the interview progresses, you'll notice the progress bar at the top of the screen showing your current position. Based on your responses, the system may generate follow-up questions to dive deeper into specific topics. These new questions will be added to your interview flow automatically. This helps us capture your thinking process more thoroughly.",I am ready.
6,Excellent! We're now ready to begin the interview about urban zoning policies. Take your time with each response and provide as much detail as you'd like. Let's start with our first question.,Yes
7,To what extent do you support or oppose upzoning policies that allow for higher density housing in traditionally single-family neighborhoods? Please explain your reasoning.,"I support upzoning because it can help ease the housing shortage and create more affordable options. As long as itâ€™s paired with smart planning and community input, I think itâ€™s a good move."
8,"What do you think are the most significant impacts, positive or negative, of increasing housing density in residential neighborhoods?",One big positive is that it can lower housing costs and help more people live near jobs and transit. A downside could be more traffic and strain on schools if cities donâ€™t plan ahead.
9,How do you think upzoning policies might affect housing affordability in urban areas?,"Upzoning can make housing more affordable by increasing the supply, which helps meet demand. But without safeguards, it could also lead to more expensive new buildings that don't help low-income residents."
10,What impact do you believe increased housing density might have on neighborhood character and quality of life?,"It might change the look and feel of a neighborhood, especially if taller buildings replace older homes. But with good design and planning, it can also bring more shops, parks, and energy to the area."
11,How do you think upzoning might affect transportation systems and traffic congestion in cities?,"Upzoning could increase traffic if more people move in without better transit options. But if paired with walkable design and public transit, it might actually reduce car use over time."
12,What role do you believe local government should play in regulating housing development and density?,"Local government should set clear rules that balance growth with community needs, like schools and transit. They should also ensure new housing includes affordable options and reflects public input."
13,How might environmental concerns factor into decisions about urban density and zoning?,"Higher density can reduce sprawl, protect green space, and lower emissions by encouraging public transit. But it also means managing things like stormwater, heat islands, and energy use in bigger buildings."
14,"What economic effects, both positive and negative, might result from changing zoning laws to allow more multi-family housing?","It could boost the local economy by creating construction jobs and attracting more residents to support businesses. On the flip side, it might raise property taxes or displace long-time residents if not managed carefully."
15,How do you think the interests of current residents versus future residents should be balanced when making zoning decisions?,I think itâ€™s important to respect current residentsâ€™ concerns but also plan for future growth and housing needs. Finding a balance means listening to both and making sure changes benefit the whole community over time.
16,What role do you think social equity and access to opportunity play in discussions about zoning and housing policy?,"Social equity is crucial because zoning decisions affect who can live where and their access to good schools, jobs, and services. Policies should aim to reduce segregation and create more inclusive, diverse neighborhoods."
17,"Does Housing shortage have a positive or negative effect on Support for Upzoning, and how significant is this effect? Does it have a positive effect (increasing it) or a negative effect (decreasing it)? How strong is this effect?","Housing shortage has a positive effect on support for upzoningâ€”it tends to increase it. The effect is pretty strong since when people feel the crunch, theyâ€™re more likely to back solutions that add more housing options."
18,"What factors do you think influence Support for Upzoning, and how strong is their impact? Please also indicate if these influences are positive (increasing) or negative (decreasing).","Key factors include housing shortage (positive, strong), concerns about neighborhood character (negative, moderate), trust in local government (positive, moderate), and worries about traffic or school crowding (negative, moderate). Also, personal experience with housing instability usually increases support (positive, moderate)."
19,How confident are you that changes in Living near jobs and transit lead to changes in Support for Upzoning? Does it have a positive effect (increasing it) or a negative effect (decreasing it)? How strong is this effect?,"Iâ€™m pretty confident that living near jobs and transit has a positive effect on support for upzoning. People in those areas tend to favor more housing because it improves access and convenience, so the effect is moderately strong."
20,"Would small changes in Housing Affordability lead to noticeable changes in Support for Upzoning, or would it take larger shifts? Does it have a positive effect (increasing it) or a negative effect (decreasing it)? How strong is this effect?",It would probably take larger shifts in housing affordability to cause noticeable changes in support for upzoning. The effect is positiveâ€”better affordability usually boosts supportâ€”but itâ€™s more gradual than immediate.
21,"Is the effect of Neighborhood character on Support for Upzoning immediate, or does it take time to develop? Does it have a positive effect (increasing it) or a negative effect (decreasing it)? How strong is this effect?","The effect of neighborhood character on support for upzoning tends to be immediate and negative. People often react quickly when they feel their neighborhoodâ€™s look or feel is threatened, and the impact is moderately strong."
22,"Is the effect of Traffic congestion on Support for Upzoning immediate, or does it take time to develop? Does it have a positive effect (increasing it) or a negative effect (decreasing it)? How strong is this effect?","The effect of traffic congestion on support for upzoning usually takes time to develop and is negative. As congestion worsens, peopleâ€™s opposition tends to grow moderately strong."
23,"Is the effect of Affordable housing on Support for Upzoning immediate, or does it take time to develop? Does it have a positive effect (increasing it) or a negative effect (decreasing it)? How strong is this effect?","The effect of affordable housing on support for upzoning is mostly immediate and positive. When people see affordable housing included, support tends to increase strongly."
24,"Is the effect of Clear regulations on Support for Upzoning immediate, or does it take time to develop? Does it have a positive effect (increasing it) or a negative effect (decreasing it)? How strong is this effect?","The effect of clear regulations on support for upzoning is mostly immediate and positive. Clear rules help build trust and reduce uncertainty, so the impact is moderately strong."
25,"Is the effect of Sprawl reduction on Support for Upzoning immediate, or does it take time to develop? Does it have a positive effect (increasing it) or a negative effect (decreasing it)? How strong is this effect?","The effect of sprawl reduction on support for upzoning usually takes time to develop and is positive. People often recognize the benefits of less sprawl over the long term, so the impact is moderate."
26,"Is the effect of Economic boost on Support for Upzoning immediate, or does it take time to develop? Does it have a positive effect (increasing it) or a negative effect (decreasing it)? How strong is this effect?","The effect of an economic boost on support for upzoning usually takes time to develop and is positive. As people see jobs and local businesses grow, support tends to increase moderately."
27,"Does Balancing short-term and long-term community benefits have a positive or negative effect on Support for Upzoning, and how significant is this effect? Does it have a positive effect (increasing it) or a negative effect (decreasing it)? How strong is this effect?",Balancing short-term and long-term community benefits has a positive effect on support for upzoning. Itâ€™s quite significant because people feel more comfortable backing changes when they see both immediate and future gains.
28,How would you describe the relationship between Access to Opportunity and Support for Upzoning? Is it a strong or weak connection? Does it have a positive effect (increasing it) or a negative effect (decreasing it)? How strong is this effect?,"Access to opportunity has a strong, positive effect on support for upzoning. When people see that upzoning can improve access to jobs, schools, and services, theyâ€™re more likely to support it."
29,"What do you think are the main causes of Lower housing costs, and how certain are you about these relationships? Please also indicate if these influences are positive (increasing) or negative (decreasing).","The main cause of lower housing costs is increasing housing supply, especially through policies like upzoning, and Iâ€™m fairly certain about this. Other factors include strong affordable housing programs (positive) and economic slowdowns that reduce demand (negative)."
30,"Would small changes in Positive effect lead to noticeable changes in Support for Upzoning, or would it take larger shifts? Does it have a positive effect (increasing it) or a negative effect (decreasing it)? How strong is this effect?",Small changes in positive effects usually lead to noticeable increases in support for upzoning. The effect is positive and tends to be moderately strong even with smaller shifts.
31,"Does Negative effect have a positive or negative effect on Support for Upzoning, and how significant is this effect? Does it have a positive effect (increasing it) or a negative effect (decreasing it)? How strong is this effect?","Negative effects have a negative impact on support for upzoning, and this impact is fairly significant. When people focus on downsides like traffic or neighborhood change, support tends to decrease moderately to strongly."
32,"Does Immediate effect have a positive or negative effect on Support for Upzoning, and how significant is this effect? Does it have a positive effect (increasing it) or a negative effect (decreasing it)? How strong is this effect?","Immediate effects can be either positive or negative depending on the issue, but they tend to have a strong impact on support for upzoning. For example, immediate concerns like neighborhood character usually decrease support strongly, while clear regulations can boost it right away."
33,How confident are you that changes in Moderately strong impact lead to changes in Support for Upzoning? Does it have a positive effect (increasing it) or a negative effect (decreasing it)? How strong is this effect?,"Iâ€™m quite confident that factors with a moderately strong impact do influence support for upzoning. These effects can be either positive or negative, but when present, they cause noticeable shifts in support."
34,How would you describe the relationship between Time factor and Support for Upzoning? Is it a strong or weak connection? Does it have a positive effect (increasing it) or a negative effect (decreasing it)? How strong is this effect?,"The time factor usually has a moderate connection to support for upzoning. Some effects take time to influence opinions, often building support positively as benefits become clear over the long term."
35,"What factors affect Upzoning, and which ones have the strongest influence? Please also indicate if these influences are positive (increasing) or negative (decreasing).","The biggest factors affecting upzoning are housing shortage (increases support), neighborhood character concerns (decrease support), affordable housing inclusion (increases support), and traffic congestion fears (decrease support). Clear regulations and good access to transit and jobs also boost support but with a moderate effect."
36,"What factors affect Increased housing density, and which ones have the strongest influence? Please also indicate if these influences are positive (increasing) or negative (decreasing).",Increased housing density is driven mostly by housing demand and upzoning policies (both positive). Strong community opposition worried about neighborhood feel and traffic acts as a negative influence. Good transit access and infrastructure support density positively by making higher populations manageable.
37,How would you describe the relationship between Walkable design and Support for Upzoning? Is it a strong or weak connection? Does it have a positive effect (increasing it) or a negative effect (decreasing it)? How strong is this effect?,"Walkable design has a moderately strong, positive effect on support for upzoning. When neighborhoods are more walkable, people tend to feel better about higher density and are more likely to support it."
38,"Is the effect of Car use on Support for Upzoning immediate, or does it take time to develop? Does it have a positive effect (increasing it) or a negative effect (decreasing it)? How strong is this effect?","The effect of car use on support for upzoning usually takes time to develop and is negative. As people rely more on cars and see traffic increase, their support tends to decrease moderately."
39,"Is the effect of Strain on schools on Support for Upzoning immediate, or does it take time to develop? Does it have a positive effect (increasing it) or a negative effect (decreasing it)? How strong is this effect?","The effect of strain on schools on support for upzoning usually takes time to develop and is negative. As school overcrowding becomes obvious, opposition tends to grow moderately strong."
40,How confident are you that changes in Urban planning lead to changes in Support for Upzoning? Does it have a positive effect (increasing it) or a negative effect (decreasing it)? How strong is this effect?,"Iâ€™m quite confident that good urban planning has a positive effect on support for upzoning. When cities plan well for transit, schools, and parks, support tends to increase moderately to strongly."
41,How confident are you that changes in Public transit encouragement lead to changes in Support for Upzoning? Does it have a positive effect (increasing it) or a negative effect (decreasing it)? How strong is this effect?,"Iâ€™m very confident that encouraging public transit has a positive effect on support for upzoning. It often makes higher density more acceptable, so the effect is moderately strong."
42,"Would small changes in Moderately strong effect lead to noticeable changes in Support for Upzoning, or would it take larger shifts? Does it have a positive effect (increasing it) or a negative effect (decreasing it)? How strong is this effect?","Small changes in factors with a moderately strong effect usually lead to noticeable shifts in support for upzoning. These effects are typically positive, increasing support when conditions improve."
43,How would you describe the relationship between Support for businesses and Support for Upzoning? Is it a strong or weak connection? Does it have a positive effect (increasing it) or a negative effect (decreasing it)? How strong is this effect?,"Support for businesses has a moderate, positive effect on support for upzoning. When people see upzoning helping local shops and the economy, theyâ€™re more likely to back it."
44,"Would small changes in Rising property taxes lead to noticeable changes in Support for Upzoning, or would it take larger shifts? Does it have a positive effect (increasing it) or a negative effect (decreasing it)? How strong is this effect?",Small changes in rising property taxes usually donâ€™t cause noticeable shifts in support for upzoning; it takes larger increases to impact opinions. The effect is negativeâ€”higher taxes tend to decrease supportâ€”and itâ€™s moderately strong when felt.
45,"Is the effect of Immediate effects on Support for Upzoning immediate, or does it take time to develop? Does it have a positive effect (increasing it) or a negative effect (decreasing it)? How strong is this effect?","Immediate effects on support for upzoning are, by nature, immediate and can be either positive or negative depending on the issue. Their impact tends to be strong because people react quickly to things like changes in neighborhood feel or clear regulations."
46,"Does neighborhood character concerns have a positive or negative effect on Support for Upzoning, and how significant is this effect? Does it have a positive effect (increasing it) or a negative effect (decreasing it)? How strong is this effect?","Neighborhood character concerns have a negative effect on support for upzoning and this effect is quite significant. Many people oppose upzoning when they feel it threatens the look and feel of their community, so the impact is strong."
47,How would you describe the relationship between Future growth and housing needs and Support for Upzoning? Is it a strong or weak connection? Does it have a positive effect (increasing it) or a negative effect (decreasing it)? How strong is this effect?,"Future growth and housing needs have a strong, positive effect on support for upzoning. When people understand that more housing is needed to meet future demand, they tend to back upzoning more confidently."
48,How would you describe the relationship between access to transit and Support for Upzoning? Is it a strong or weak connection? Does it have a positive effect (increasing it) or a negative effect (decreasing it)? How strong is this effect?,"Access to transit has a strong, positive effect on support for upzoning. Good transit options make higher density more practical and appealing, boosting support significantly."
49,"Does Segregation have a positive or negative effect on Support for Upzoning, and how significant is this effect? Does it have a positive effect (increasing it) or a negative effect (decreasing it)? How strong is this effect?","Segregation generally has a negative effect on support for upzoning, and this effect can be quite significant. Communities concerned about maintaining separation often resist changes like upzoning that could alter demographics, so the impact is strong."
50,What causes changes in Affordable housing? Are these influences strong or weak?,"Changes in affordable housing are mainly caused by housing supply increases, government subsidies, and zoning policies like upzoning. These influences tend to be strong, especially when policies actively promote affordability."