Session ID,session_1747330340738_gci3pva
Prolific ID,6117efedb574017076d5b499
Status,completed
Progress,26/26
Created At,"5/15/2025, 1:32:20 PM"
Updated At,"5/15/2025, 1:49:42 PM"
Completed At,"5/15/2025, 1:49:42 PM"

Question Number,Question,Answer
1,To what extent do you support or oppose universal healthcare policies that provide government-funded healthcare coverage for all citizens? Please explain your reasoning.,"I support universal healthcare because it makes care fair and affordable for everyone. Still, I worry about higher taxes and how well the system is run."
2,"What do you think are the most significant impacts, positive or negative, of implementing a universal healthcare system?",Universal healthcare improves access and lowers costs for many people. But it can also slow innovation and increase government spending.
3,How do you think universal healthcare policies might affect healthcare quality and accessibility?,Universal healthcare usually boosts accessibility since more people get care. Quality can improve with better coordination but might suffer if resources get stretched.
4,What impact do you believe a universal healthcare system might have on medical innovation and research?,It might slow some innovation because profit incentives could drop. But steady funding and wider access can also help research in important areas.
5,How do you think universal healthcare might affect the economic burden on individuals and families?,It would likely reduce costs for most people by cutting out big bills and premiums. But it might also mean higher taxes to fund the system.
6,What role do you believe government should play in healthcare delivery and financing?,The government should ensure basic healthcare access and affordability for everyone. It can also regulate to keep quality high and costs fair.
7,How might healthcare provider concerns factor into decisions about universal healthcare implementation?,Providers’ concerns about workload and reimbursement can influence how smoothly universal healthcare is adopted. Their buy-in is key to making the system work well.
8,"What economic effects, both positive and negative, might result from transitioning to a universal healthcare system?",Universal healthcare can reduce overall costs by preventing expensive emergencies and improving public health. But it might also raise taxes and impact private insurance markets.
9,How do you think the interests of taxpayers versus healthcare consumers should be balanced when making healthcare policy?,Healthcare policy should protect consumers’ access to care while keeping costs fair for taxpayers. Finding a middle ground ensures quality without overburdening anyone financially.
10,What role do you think social equity and access to care play in discussions about healthcare policy?,"Social equity and access are crucial—they ensure everyone gets fair healthcare regardless of income or background. Without that, policies risk leaving vulnerable groups behind."
11,"Would small changes in Fairness in healthcare lead to noticeable changes in Support for universal healthcare, or would it take larger shifts? Does it have a positive effect (increasing it) or a negative effect (decreasing it)? How strong is this effect?",Small changes in perceived fairness can lead to noticeable shifts in support. It has a positive effect. The effect is moderately strong especially among those who value equity in policy.
12,What causes changes in Support for universal healthcare? Are these influences strong or weak?,"Support for universal healthcare shifts with changes in cost, access, fairness and trust in government. These influences are generally strong especially cost savings and improved access."
13,"Is the effect of Lowered costs on Support for universal healthcare immediate, or does it take time to develop? Does it have a positive effect (increasing it) or a negative effect (decreasing it)? How strong is this effect?",Lowered costs usually have an immediate and positive effect on support for universal healthcare. The effect is strong especially when people see personal savings.
14,How would you describe the relationship between Accessibility and Support for universal healthcare? Is it a strong or weak connection? Does it have a positive effect (increasing it) or a negative effect (decreasing it)? How strong is this effect?,"The relationship between Accessibility and Support for universal healthcare is strong and positive. As accessibility increases, meaning more people can get care when they need it, support for universal healthcare tends to grow significantly."
15,"Is the effect of Medical Innovation on Support for universal healthcare immediate, or does it take time to develop? Does it have a positive effect (increasing it) or a negative effect (decreasing it)? How strong is this effect?","If people think innovation will slow down, support for universal healthcare might drop. But that worry builds over time, not overnight."
16,"Does Higher taxes have a positive or negative effect on Support for universal healthcare, and how significant is this effect? Does it have a positive effect (increasing it) or a negative effect (decreasing it)? How strong is this effect?",Higher taxes usually have a negative effect on support for universal healthcare. The effect is moderately strong especially if people don’t see clear personal benefits.
17,"Is the effect of Reduced costs on Support for universal healthcare immediate, or does it take time to develop? Does it have a positive effect (increasing it) or a negative effect (decreasing it)? How strong is this effect?",Reduced costs have a positive effect on support for universal healthcare and the impact can be immediate if savings are clear. The effect is generally strong especially for middle and low income households.
18,How confident are you that changes in Basic healthcare access lead to changes in Support for universal healthcare? Does it have a positive effect (increasing it) or a negative effect (decreasing it)? How strong is this effect?,"I’m fairly confident that improvements in basic healthcare access lead to increased support for universal healthcare. The effect is positive and typically strong, especially among those previously underserved."
19,"Is the effect of Universal healthcare adoption on Support for universal healthcare immediate, or does it take time to develop? Does it have a positive effect (increasing it) or a negative effect (decreasing it)? How strong is this effect?",The effect of universal healthcare adoption on support tends to grow over time as people experience the benefits firsthand. It usually has a positive and strong effect once trust and satisfaction build.
20,How confident are you that changes in Providers' buy-in lead to changes in Support for universal healthcare? Does it have a positive effect (increasing it) or a negative effect (decreasing it)? How strong is this effect?,I’m fairly confident that providers buy-in boosts support for universal healthcare. It has a positive effect and the impact is moderately strong since providers approval can influence public trust and system success.
21,"Would small changes in Reduced overall healthcare costs lead to noticeable changes in Support for universal healthcare, or would it take larger shifts? Does it have a positive effect (increasing it) or a negative effect (decreasing it)? How strong is this effect?",Small drops in overall healthcare costs usually boost support for universal healthcare. The effect is positive and pretty strong even modest savings can make people more supportive.
22,How would you describe the relationship between Quality of care and Support for universal healthcare? Is it a strong or weak connection? Does it have a positive effect (increasing it) or a negative effect (decreasing it)? How strong is this effect?,"Quality of care has a strong, positive effect on support for universal healthcare. When people believe care quality will improve or stay good, they’re much more likely to back it."
23,How confident are you that changes in Consumers' access to care lead to changes in Support for universal healthcare? Does it have a positive effect (increasing it) or a negative effect (decreasing it)? How strong is this effect?,"I’m very confident that better access to care boosts support for universal healthcare. It has a strong, positive effect because easier access matters a lot to people’s opinions."
24,"What do you think are the main causes of Universal healthcare, and how certain are you about these relationships? Please also indicate if these influences are positive (increasing) or negative (decreasing).","Main causes of universal healthcare support include concerns about fairness, access to care, and reducing costs. These all positively increase support. I am pretty certain about these links since they are common reasons people back universal coverage."
25,How confident are you that changes in access lead to changes in Support for universal healthcare? Does it have a positive effect (increasing it) or a negative effect (decreasing it)? How strong is this effect?,"I’m pretty confident that better access has a strong positive effect on support for universal healthcare. When people can get care more easily, they tend to back the system more."
26,How confident are you that changes in Positive effect lead to changes in Support for universal healthcare? Does it have a positive effect (increasing it) or a negative effect (decreasing it)? How strong is this effect?,"I am very confident that positive effects strongly increase support for universal healthcare. When benefits are clear, support usually grows quite a bit."