Session ID,session_1747372818333_zhxdisg
Prolific ID,57dd186e6598aa0001992616
Status,completed
Progress,26/26
Created At,"5/16/2025, 1:20:18 AM"
Updated At,"5/16/2025, 1:40:12 AM"
Completed At,"5/16/2025, 1:40:12 AM"

Question Number,Question,Answer
1,To what extent do you support or oppose universal healthcare policies that provide government-funded healthcare coverage for all citizens? Please explain your reasoning.,I support it because poor people shouldn't die or be debt slaves due to needing healthcare.
2,"What do you think are the most significant impacts, positive or negative, of implementing a universal healthcare system?",Poor people will be less stressed.  More businesses will start because people aren't tied to their employer.  They will be positive effects.  Negative effects could be medical innovation could slow down and longer wait times.
3,How do you think universal healthcare policies might affect healthcare quality and accessibility?,The quality could go down but accessibiity will go up as more people get healthcare than before.
4,What impact do you believe a universal healthcare system might have on medical innovation and research?,It might go down as companies can't make as big of profits as before.
5,How do you think universal healthcare might affect the economic burden on individuals and families?,It will less the burden as families don't have to worry about going bankrupt all the time.
6,What role do you believe government should play in healthcare delivery and financing?,There should be a public option at least.  If private companies can't beat it then that is on them.
7,How might healthcare provider concerns factor into decisions about universal healthcare implementation?,They might get paid less as they have problems with Medicaid.  They will have more time for patients though as they don't have to argue with insurance companies.
8,"What economic effects, both positive and negative, might result from transitioning to a universal healthcare system?",More businesses will start as people aren't tied to their employers for health insurance.  It will make a more dynamic and innovative economy.  There could be longer wait times as more people access care and some doctors might quit.
9,How do you think the interests of taxpayers versus healthcare consumers should be balanced when making healthcare policy?,"It is basically the same money so if you pay premiums or insurance, that is basically a tax.  Just average it out and see if you pay less or not."
10,What role do you think social equity and access to care play in discussions about healthcare policy?,Liberals and minorities care about that as poor people and minorities are less likely to have access to care.
11,How would you describe the relationship between Equity for poor people and Support for universal healthcare? Is it a strong or weak connection? Does it have a positive effect (increasing it) or a negative effect (decreasing it)? How strong is this effect?,It is strongly positive as liberals care about that and access to good healthcare is one thing poor people lack.
12,"What factors affect Support for universal healthcare, and which ones have the strongest influence? Please also indicate if these influences are positive (increasing) or negative (decreasing).",political preferences  - conservatives are negative and liberals are positive.  Also it depends on your age and income.  If you are poor you'll want universal healthcare but if you are rich the world is your oyster and you don't want anything to change.
13,How would you describe the relationship between Entrepreneurship due to independence from employers and Support for universal healthcare? Is it a strong or weak connection? Does it have a positive effect (increasing it) or a negative effect (decreasing it)? How strong is this effect?,I don't think there is a connection - too many variables.  Entrepreneurs don't like being told what to do by anyone whether it be government or bosses.
14,"Does Accessibility have a positive or negative effect on Support for universal healthcare, and how significant is this effect? Does it have a positive effect (increasing it) or a negative effect (decreasing it)? How strong is this effect?","Yes, accessibilty has a huge positive effect because if more people can access it, more peope will be for it."
15,"Is the effect of Profit motivation on Support for universal healthcare immediate, or does it take time to develop? Does it have a positive effect (increasing it) or a negative effect (decreasing it)? How strong is this effect?",It is a weak negative long term effect.  It took a while to get to where we are due to the healthcare outrage.
16,"Does Economic burden have a positive or negative effect on Support for universal healthcare, and how significant is this effect? Does it have a positive effect (increasing it) or a negative effect (decreasing it)? How strong is this effect?","Economic Burden has a strongly positive effect on support for universal healthcare as the poorer you are, the more insurance eats your income."
17,"Would small changes in Private company competition lead to noticeable changes in Support for universal healthcare, or would it take larger shifts? Does it have a positive effect (increasing it) or a negative effect (decreasing it)? How strong is this effect?","No, it would take larger shifts.  Small changes won't have any effect."
18,"Is the effect of Increased patient time on Support for universal healthcare immediate, or does it take time to develop? Does it have a positive effect (increasing it) or a negative effect (decreasing it)? How strong is this effect?",If patients have more time with their doctors they will have an immediate strong positive support for universal healthcare.  You'll get more patient time with universal healthcare because doctors don't have to argue with insurance companies all day.
19,"Does Longer wait times have a positive or negative effect on Support for universal healthcare, and how significant is this effect? Does it have a positive effect (increasing it) or a negative effect (decreasing it)? How strong is this effect?","I has a strong negative effect because people don't like to wait and feel entitled not to, especially if it is a procedure they need."
20,How confident are you that changes in Dynamic and innovative economy lead to changes in Support for universal healthcare? Does it have a positive effect (increasing it) or a negative effect (decreasing it)? How strong is this effect?,It is probably negative as you won't get much dynamism and innovation from government healthcare.
21,"Is the effect of Balancing Costs on Support for universal healthcare immediate, or does it take time to develop? Does it have a positive effect (increasing it) or a negative effect (decreasing it)? How strong is this effect?",It is a wash as it depends on your income and healthcare expenses.
22,"Would small changes in Access to Care lead to noticeable changes in Support for universal healthcare, or would it take larger shifts? Does it have a positive effect (increasing it) or a negative effect (decreasing it)? How strong is this effect?",It would take larger shifts as people are mad at insurance companies but also mad at the government.
23,"What do you think are the main causes of Universal healthcare, and how certain are you about these relationships? Please also indicate if these influences are positive (increasing) or negative (decreasing).",The main causes of universal healthcare was World War 2.  That is when a lot of countries implemented it.
24,"Is the effect of Positive effect on Support for universal healthcare immediate, or does it take time to develop? Does it have a positive effect (increasing it) or a negative effect (decreasing it)? How strong is this effect?",It is probably strongly positive and immediate as you'll hear horror stories in the news of health insurance companies taking people's money and not paying.
25,"Does Negative effect have a positive or negative effect on Support for universal healthcare, and how significant is this effect? Does it have a positive effect (increasing it) or a negative effect (decreasing it)? How strong is this effect?",Negative effect will have a strong negative effect on anything.
26,"Is the effect of Income on Support for universal healthcare immediate, or does it take time to develop? Does it have a positive effect (increasing it) or a negative effect (decreasing it)? How strong is this effect?",It takes time to develop but it is strong over time.  It depends where you are on the dominance hierarchy.