Session ID,session_1747329551392_09svghr
Prolific ID,5e1553fd1e2e58b6448d8dcc
Status,completed
Progress,24/24
Created At,"5/15/2025, 1:19:11 PM"
Updated At,"5/15/2025, 1:51:34 PM"
Completed At,"5/15/2025, 1:51:34 PM"

Question Number,Question,Answer
1,To what extent do you support or oppose the widespread deployment of surveillance cameras in public spaces? Please explain your reasoning.,"I am oppose to it. It makes you feel that you have no privacy anymore, and this can feel like the government is overstepping their boundaries."
2,"What do you think are the most significant impacts, positive or negative, of increasing surveillance camera coverage in urban areas?","More negative. People will be outside less, and it does not resolve the issue that much, only catching people caught on the act and not figuring out why."
3,How do you think surveillance technologies might affect public safety and crime rates?,"Surveillance could reduce the crime rate in certain areas, but that depends on the quality of the camera and where it is located."
4,What impact do you believe increased surveillance might have on personal privacy and individual liberties?,It will reduce personal privacy and civil liberties. It will feel that you are being watched at all times and their is nothing you can do about it.
5,How do you think surveillance camera systems might affect community trust and police-community relations?,It will worsen them as it makes people feel that the cops are shoving their nose deeper into the live of everyday people regardless of their suspicion.
6,What role do you believe government should play in regulating surveillance technologies and data collection?,"There should be recordings that need to be deleted after a period of time unless a crime was captured, and its validity."
7,How might technological concerns about accuracy and reliability factor into decisions about surveillance systems?,"If the surveillance system is not clear and is inconsistent, then their is no point in getting if it cannot identify people or be used as evidence."
8,"What economic effects, both positive and negative, might result from investing in widespread surveillance infrastructure?","Depending on what it is used for, it could increase the chance of people being ticketed for breaking laws which means more government revenue."
9,How do you think the interests of law enforcement versus privacy advocates should be balanced when making surveillance policy?,"Their should be a policy that recordings need to be deleted unless a crime occured, and the number of cameras in a given area to not feel overbearing."
10,What role do you think social equity and potential bias play in discussions about surveillance technologies?,"More surveillance could end up in places that have a specific demographic or groups of people, which can mean more people in that group being disproportionately arrested overall."
11,"Would small changes in Privacy lead to noticeable changes in Support for surveillance camera, or would it take larger shifts? Does it have a positive effect (increasing it) or a negative effect (decreasing it)? How strong is this effect?",It would lead to noticeable changes. People will be outside less due knowing that they being watched which can negative affect the neighborhood.
12,"What might lead to increases or decreases in Support for surveillance camera, and how significant are these effects? Please also indicate if these influences are positive (increasing) or negative (decreasing).","What can lead to increases is more criminal activity going on, a decrease can be a neighborhood that has little crime. Positive influences include less people likely to engage in criminal behavior in the opening, and greater chance of catching people. A negative includes the feeling if being watched and might not always getting the person you are going after."
13,How would you describe the relationship between People spending less time outside and Support for surveillance camera? Is it a strong or weak connection? Does it have a positive effect (increasing it) or a negative effect (decreasing it)? How strong is this effect?,"Strong connection. People who spend less time outside would want more surveillance since they do not know what is going on out on the streets, and would want an eye or two watching in case something happens."
14,"Does Crime Rates have a positive or negative effect on Support for surveillance camera, and how significant is this effect? Does it have a positive effect (increasing it) or a negative effect (decreasing it)? How strong is this effect?","Crimes rates could go either way when it comes to surveillance. High crime rates will lead to demand for more surveillance to hope to catch more crime, and less crimes rates will have lower demand for them since their feels that their is no need for them."
15,"Would small changes in Personal Privacy lead to noticeable changes in Support for surveillance camera, or would it take larger shifts? Does it have a positive effect (increasing it) or a negative effect (decreasing it)? How strong is this effect?","Negative. When people feel that their privacy is being reduced in some way, they feel monitored and uncomfortable when they are being watched leading to decreasing support for surveillance."
16,"Is the effect of Perceived overreach by police on Support for surveillance camera immediate, or does it take time to develop? Does it have a positive effect (increasing it) or a negative effect (decreasing it)? How strong is this effect?","Immediate. It is easier to take advantage of something when you are given more power over something like privacy, which can lead to scandals especially if the police are misusing them."
17,"Does Crime-related retention of recordings have a positive or negative effect on Support for surveillance camera, and how significant is this effect? Does it have a positive effect (increasing it) or a negative effect (decreasing it)? How strong is this effect?",It can have a positive effect as recordings that have crimes committed only gives people reassurance that the cameras are not being misused.
18,"Does Surveillance system effectiveness have a positive or negative effect on Support for surveillance camera, and how significant is this effect? Does it have a positive effect (increasing it) or a negative effect (decreasing it)? How strong is this effect?",It depends. A bad camera will have negative suppport due to being ineffective while a high qaulity camera will have greater support due to higher chances of catching people. It can go either way.
19,"Is the effect of Government Revenue on Support for surveillance camera immediate, or does it take time to develop? Does it have a positive effect (increasing it) or a negative effect (decreasing it)? How strong is this effect?",Immediate. It will increase government revenue especially when they catch people doing crimes that result in a fine such as tickets.
20,"Does Privacy concerns have a positive or negative effect on Support for surveillance camera, and how significant is this effect? Does it have a positive effect (increasing it) or a negative effect (decreasing it)? How strong is this effect?","Negative. People do not want to feel that there are multiple cameras everywhere and watching their every move, even when they have not done anything wrong."
21,"Does Potential Bias have a positive or negative effect on Support for surveillance camera, and how significant is this effect? Does it have a positive effect (increasing it) or a negative effect (decreasing it)? How strong is this effect?",Bias has a negative affect. Certain communities can end up with more cameras and surveillance in general which means certain groups getting arrested or fined more. decreas in support.
22,"Is the effect of Noticeable changes in Support for surveillance camera on Support for surveillance camera immediate, or does it take time to develop? Does it have a positive effect (increasing it) or a negative effect (decreasing it)? How strong is this effect?",It takes longer. It takes time for people to adapt to changes such as surveillance which can take time. More towards a negative impact since people do not like being watched even when it is nothing unusual.
23,"What do you think are the main causes of Surveillance Cameras, and how certain are you about these relationships? Please also indicate if these influences are positive (increasing) or negative (decreasing).","The main causes are fear and crime. There are people who are afraid of the outiside world and want certainty that they are safe, even if the place they are in has a low crime rate. High crimes increase the demand for police officers or other authorities taking other measures to reduce crime. They increase the likelihood of cameras."
24,"Does Strong connection have a positive or negative effect on Support for surveillance camera, and how significant is this effect? Does it have a positive effect (increasing it) or a negative effect (decreasing it)? How strong is this effect?",Strong connections have a positive relatioship with support of cameras. The people in communities trust the poeple using them will increase the likelihood of cameras being installed and used.