Session ID,session_1747387705093_wiugzbt
Prolific ID,67ac6e8f1fed2d9048e8f220
Status,completed
Progress,25/25
Created At,"5/16/2025, 5:28:25 AM"
Updated At,"5/16/2025, 6:02:54 AM"
Completed At,"5/16/2025, 6:02:54 AM"

Question Number,Question,Answer
1,To what extent do you support or oppose the widespread deployment of surveillance cameras in public spaces? Please explain your reasoning.,I support it because I live in a place with a lot of crime and I have seen the impact that crime cameras have on communities. It leads to less car jacking and less crime overall in the areas they are placed in. It makes people scared of having to face the consequences of crime and I support that.
2,"What do you think are the most significant impacts, positive or negative, of increasing surveillance camera coverage in urban areas?",I think it will decrease crime so that's a positive. I cant think of any negative ones other than tax payer dollars being used and people not liking to be on camera. But I do not fear being on camera.
3,How do you think surveillance technologies might affect public safety and crime rates?,It will greatly decrease crime rate and increase public safety. People will be too scared of getting caught on camera and arrested.
4,What impact do you believe increased surveillance might have on personal privacy and individual liberties?,I dont think they are actively monitoring anyone that isn't doing any crimes. A lot of the time the footage isn't even saved so I do not think it will affect my privacy. Its not like the cameras are in my house.
5,How do you think surveillance camera systems might affect community trust and police-community relations?,I think they will like the cameras. This will increase trust.
6,What role do you believe government should play in regulating surveillance technologies and data collection?,I think they should only monitor and report crimes.
7,How might technological concerns about accuracy and reliability factor into decisions about surveillance systems?,I think some people will be concerned but most competent people will see the benefits and not care about being on camera.
8,"What economic effects, both positive and negative, might result from investing in widespread surveillance infrastructure?",It might boost the economy be bringing crame rate down.
9,How do you think the interests of law enforcement versus privacy advocates should be balanced when making surveillance policy?,I think there needs to be a balance between law enforcement and privacy of others. I do not think cameras should look into peoples homes it should only be in public areas.
10,What role do you think social equity and potential bias play in discussions about surveillance technologies?,Its important to make sure that there is no bias and manipulation. People should not be focused on or discriminated against.
11,"Would small changes in Crime reduction lead to noticeable changes in Support for surveillance camera, or would it take larger shifts? Does it have a positive effect (increasing it) or a negative effect (decreasing it)? How strong is this effect?","I think small drops in crime might help a little, but people probably need to see bigger changes to really care."
12,"What factors affect Support for surveillance camera, and which ones have the strongest influence? Please also indicate if these influences are positive (increasing) or negative (decreasing).","Things like feeling safe, trusting the government, and fear of crime affect support for cameras."
13,"Is the effect of Use of taxpayer dollars on Support for surveillance camera immediate, or does it take time to develop? Does it have a positive effect (increasing it) or a negative effect (decreasing it)? How strong is this effect?","I think it takes time for people to react to how tax money is used. If they think cameras are a waste of money, it has a negative effect on support."
14,"Does Crime monitoring have a positive or negative effect on Support for surveillance camera, and how significant is this effect? Does it have a positive effect (increasing it) or a negative effect (decreasing it)? How strong is this effect?",Crime monitoring usually has a positive effect because people like the idea of cameras helping to catch criminals.
15,"Is the effect of Community trust on Support for surveillance camera immediate, or does it take time to develop? Does it have a positive effect (increasing it) or a negative effect (decreasing it)? How strong is this effect?",The community takes time to trust once things have been implemented.
16,How confident are you that changes in Monitoring crimes lead to changes in Support for surveillance camera? Does it have a positive effect (increasing it) or a negative effect (decreasing it)? How strong is this effect?,Im pretty confident that when crime monitoring improves support for cameras goes up.
17,"Would small changes in Public Perception lead to noticeable changes in Support for surveillance camera, or would it take larger shifts? Does it have a positive effect (increasing it) or a negative effect (decreasing it)? How strong is this effect?","Small changes in public perception might not make a big difference, but bigger changes can affect support."
18,How confident are you that changes in Economic boost lead to changes in Support for surveillance camera? Does it have a positive effect (increasing it) or a negative effect (decreasing it)? How strong is this effect?,I’m not very sure that economic boost changes support much.
19,"Would small changes in Cameras in public areas lead to noticeable changes in Support for surveillance camera, or would it take larger shifts? Does it have a positive effect (increasing it) or a negative effect (decreasing it)? How strong is this effect?",Small changes in how many cameras are in public probably won’t change support much.
20,"Is the effect of Potential Bias on Support for surveillance camera immediate, or does it take time to develop? Does it have a positive effect (increasing it) or a negative effect (decreasing it)? How strong is this effect?",The effect of potential bias probably takes time to show because people need to see or hear about problems. It would have a negative effect if present.
21,"Is the effect of Noticeable changes in support for surveillance cameras on Support for surveillance camera immediate, or does it take time to develop? Does it have a positive effect (increasing it) or a negative effect (decreasing it)? How strong is this effect?",Noticeable changes in support probably happen pretty quickly once people see other opinions.
22,"What do you think are the main causes of Surveillance cameras in public spaces, and how certain are you about these relationships? Please also indicate if these influences are positive (increasing) or negative (decreasing).","I think the main causes are wanting to reduce crime, keep people safe, and help catch criminals. I’m pretty sure these causes have a positive influence."
23,How would you describe the relationship between Negative effect of perceived waste and Support for surveillance camera? Is it a strong or weak connection? Does it have a positive effect (increasing it) or a negative effect (decreasing it)? How strong is this effect?,"If people think money spent on cameras is wasted, it hurts support."
24,How confident are you that changes in Positive effect lead to changes in Support for surveillance camera? Does it have a positive effect (increasing it) or a negative effect (decreasing it)? How strong is this effect?,"I’m pretty confident that positive effects, like feeling safer, lead to more support for cameras. It has a positive effect?"
25,"Is the effect of Time to develop trust on Support for surveillance camera immediate, or does it take time to develop? Does it have a positive effect (increasing it) or a negative effect (decreasing it)? How strong is this effect?",It takes time to develop trust. Trust has a positive effect on support.