Session ID,session_1747340624821_ccdwpx9
Prolific ID,67e32a6e0e9e3bd8418eb438
Status,completed
Progress,28/28
Created At,"5/15/2025, 4:23:44 PM"
Updated At,"5/15/2025, 5:53:22 PM"
Completed At,"5/15/2025, 5:53:22 PM"

Question Number,Question,Answer
1,To what extent do you support or oppose universal healthcare policies that provide government-funded healthcare coverage for all citizens? Please explain your reasoning.,I support UHC policies because I think every American deserves quality and affordable treatment when they need care.
2,"What do you think are the most significant impacts, positive or negative, of implementing a universal healthcare system?","The main impact of UHC is eliminating the financial barriers that prevent many from accessing treatment and medication. Going the public route has its challenges too, including increased government spending."
3,How do you think universal healthcare policies might affect healthcare quality and accessibility?,"The main benefit is reduced out-of-pocket payments, ensuring that more people access healthcare. As of quality, I am not sure it will improve with UHC. Things may be better for chronic disease management but worse for wait times due to strained resources."
4,What impact do you believe a universal healthcare system might have on medical innovation and research?,"There are two sides here. There may be increased innovation due to more Americans enrolling to the system, which avails more data for research. On the other hand, channeling funds to the public system would leave little resources for private-sponsored research."
5,How do you think universal healthcare might affect the economic burden on individuals and families?,"Having a guarantee of UHC could alleviate the financial burden in many households, leaving them with more money to spend on other expenses."
6,What role do you believe government should play in healthcare delivery and financing?,It is the work of the government to ensure that citizens live healthily. This means the authorities should do whatever it takes to pool resources and ensure health delivery.
7,How might healthcare provider concerns factor into decisions about universal healthcare implementation?,"Being crucial stakeholders, providers' interests should be given priority. However, these parties may feel aggrieved by the government's lower payment levels and reduced clinical freedom."
8,"What economic effects, both positive and negative, might result from transitioning to a universal healthcare system?","UHC can alleviate the financial burden on most Americans, but it may also lead to increased taxes."
9,How do you think the interests of taxpayers versus healthcare consumers should be balanced when making healthcare policy?,"Ensuring high-quality, valuable care without increasing cost does not put too much pressure on the healthcare system. Community consultations, participatory budgeting, and citizen panels allow people to participate in policymaking, which may unite their interests and help share responsibility between taxpayers and care consumers."
10,What role do you think social equity and access to care play in discussions about healthcare policy?,The whole point of this policy is to bring some sense of parity for all Americans by addressing the financial aspect that has been historically the main cause of disparity in healthcare access.
11,How confident are you that changes in Quality and Affordable Treatment lead to changes in Support for universal healthcare? Does it have a positive effect (increasing it) or a negative effect (decreasing it)? How strong is this effect?,"When more Americans enjoy the benefits of UHC, they increasingly support the program. The support is strong due to the cost savings and better well-being."
12,"What might lead to increases or decreases in Support for universal healthcare, and how significant are these effects? Please also indicate if these influences are positive (increasing) or negative (decreasing).","Cost savings may increase support for UHC, while increased taxes may erode such support. The effects are both highly significant."
13,"Does Eliminating financial barriers have a positive or negative effect on Support for universal healthcare, and how significant is this effect? Does it have a positive effect (increasing it) or a negative effect (decreasing it)? How strong is this effect?",Eliminating financial barriers is the main driver of support for UHC. Most people would prefer a system where they pay less to unlock healthcare benefits. The effect here is very strong.
14,"Would small changes in Increased healthcare accessibility lead to noticeable changes in Support for universal healthcare, or would it take larger shifts? Does it have a positive effect (increasing it) or a negative effect (decreasing it)? How strong is this effect?","Small changes in increased healthcare accessibility could not necessarily lead to noticeable changes in UHC support because the out-of-pocket payments could still be considerably high. Although the effect is positive, it is weak."
15,"Would small changes in More data for research lead to noticeable changes in Support for universal healthcare, or would it take larger shifts? Does it have a positive effect (increasing it) or a negative effect (decreasing it)? How strong is this effect?",These changes would generate a positive but weak support for UHC because more impact is needed to sway public opinion about the program.
16,How confident are you that changes in Financial Burden lead to changes in Support for universal healthcare? Does it have a positive effect (increasing it) or a negative effect (decreasing it)? How strong is this effect?,This is the catch since people are more likely to support UHC when they can prove that they pay less out-of-pocket charges. The effect is positive and increasing as less payments are made out of pocket. The effect here is very strong.
17,"Is the effect of Healthcare delivery on Support for universal healthcare immediate, or does it take time to develop? Does it have a positive effect (increasing it) or a negative effect (decreasing it)? How strong is this effect?",Improving care is something that takes time. People learn of the UHC benefits over time and start approving it after the evidence becomes tangible. The effect here is strong.
18,How would you describe the relationship between Healthcare providers' interests and Support for universal healthcare? Is it a strong or weak connection? Does it have a positive effect (increasing it) or a negative effect (decreasing it)? How strong is this effect?,"This relationship is mostly negative because providers have their reservations about engagements with the government, which are known to cause lower reimbursements and reduced autonomy. The effect here is strong since many providers may opt not to cooperate."
19,How confident are you that changes in Financial Burden Alleviation lead to changes in Support for universal healthcare? Does it have a positive effect (increasing it) or a negative effect (decreasing it)? How strong is this effect?,Such changes have a positive and strong effect on support for UHC. The support increases when people pay less for treatment and medication.
20,How confident are you that changes in Cost control lead to changes in Support for universal healthcare? Does it have a positive effect (increasing it) or a negative effect (decreasing it)? How strong is this effect?,"When the government enforces measures to lower healthcare expenses, the support for UHC substantially increases. The factor strongly influences people's attitudes toward UHC."
21,How would you describe the relationship between Social Equity and Support for universal healthcare? Is it a strong or weak connection? Does it have a positive effect (increasing it) or a negative effect (decreasing it)? How strong is this effect?,This relationship is strong and positive since UHC is founded on the idea of equalizing people when it comes to accessing care and medication. UHC would be a failure that is hardly supported by the majority if it only catered to the care needs of a few Americans.
22,How confident are you that changes in Access to Care lead to changes in Support for universal healthcare? Does it have a positive effect (increasing it) or a negative effect (decreasing it)? How strong is this effect?,"When the change means easier and affordable healthcare, support for UHC has to increase. This effect is strong because people are constantly looking for ways to cut their healthcare expenses."
23,"What factors affect Universal Healthcare (UHC), and which ones have the strongest influence? Please also indicate if these influences are positive (increasing) or negative (decreasing).","The factors with the strongest influence include financial burden alleviation (positive), access to care (positive), and providers' interests (negative). Factors with weak influence include more data for research  (positive) and tax increases (negative)."
24,How confident are you that changes in Increased Taxes lead to changes in Support for universal healthcare? Does it have a positive effect (increasing it) or a negative effect (decreasing it)? How strong is this effect?,Increased taxes reduces support for UHC since the taxpayers are also the consumers. This strong is however weak since most Americans understand that quality treatment comes at a cost.
25,"Would small changes in Support for UHC lead to noticeable changes in Support for universal healthcare, or would it take larger shifts? Does it have a positive effect (increasing it) or a negative effect (decreasing it)? How strong is this effect?","When there is a little change in overall support for UHC, it is often followed by a clear increase in support for specific UHC-related policies. That means small changes in the overall way people feel about things can result in noticeable increases in UHC support. Still, larger changes help to make universal healthcare a stronger priority for the public."
26,How confident are you that changes in Positive effect lead to changes in Support for universal healthcare? Does it have a positive effect (increasing it) or a negative effect (decreasing it)? How strong is this effect?,"When Americans become aware that UHC can work, they increasingly support it. The effect is positive. This influence is one of the most powerful drivers shaping public opinion toward UHC."
27,"What factors affect Reduced out-of-pocket payments, and which ones have the strongest influence? Please also indicate if these influences are positive (increasing) or negative (decreasing).",I think that's all
28,"What factors do you think influence Universal healthcare system, and how strong is their impact? Please also indicate if these influences are positive (increasing) or negative (decreasing).","Factors that strongly influence UHC include government commitment (positive), care cost savings (positive), providers' interests (negative), taxes (negative)."