Session ID,session_1747326254187_i5va18f
Prolific ID,6117efedb574017076d5b499
Status,completed
Progress,31/31
Created At,"5/15/2025, 12:24:14 PM"
Updated At,"5/15/2025, 12:57:00 PM"
Completed At,"5/15/2025, 12:57:00 PM"

Question Number,Question,Answer
1,Welcome to the Trace Your Thinking interview system. This platform is designed to capture your thoughts about urban zoning and housing development. Would you like me to guide you through using this system?,Yes
2,"You have two options for answering questions: voice recording or typing. For voice recording, press the microphone button (ðŸŽ¤) or the Space key to start recording. When finished, press the microphone button or Space key again to stop. You can also press ESC to cancel. The system will automatically transcribe and submit your response after recording. Would you like to try voice recording now?",I like to type.
3,"For text input, click the message icon (ðŸ’¬) to switch modes. Type your response in the text box. Press Ctrl+Enter or click the send button (âž¤) to submit. You can press ESC to clear your text. Would you like to try text input now?",Yes
4,"You can switch between voice and text modes at any time. In voice mode, the microphone button will show as red when recording is active. During transcription, you'll see 'Transcribing your speech...' and your answer will be automatically submitted once ready. Feel comfortable with the system now?",Yes
5,"As the interview progresses, you'll notice the progress bar at the top of the screen showing your current position. Based on your responses, the system may generate follow-up questions to dive deeper into specific topics. These new questions will be added to your interview flow automatically. This helps us capture your thinking process more thoroughly.",Ok
6,Excellent! We're now ready to begin the interview about urban zoning policies. Take your time with each response and provide as much detail as you'd like. Let's start with our first question.,Yes
7,To what extent do you support or oppose upzoning policies that allow for higher density housing in traditionally single-family neighborhoods? Please explain your reasoning.,"How much do you support or oppose allowing taller, denser housing (upzoning) in neighborhoods that mostly have single-family homes? Please share why you feel that way."
8,"What do you think are the most significant impacts, positive or negative, of increasing housing density in residential neighborhoods?","Increasing housing density can make it easier for more people to find affordable places to live, which helps with the housing shortage."
9,How do you think upzoning policies might affect housing affordability in urban areas?,"Upzoning policies could help lower rent and home prices by allowing more housing to be built, which increases supply."
10,What impact do you believe increased housing density might have on neighborhood character and quality of life?,"Increased housing density could change the neighborhood vibe, more people, more noise and busier streets. But it can also bring more energy, diversity and local businesses which can improve quality of life if planned thoughtfully."
11,How do you think upzoning might affect transportation systems and traffic congestion in cities?,"Upzoning could put more pressure on transportation, leading to more traffic and crowded public transit if infrastructure doesnâ€™t keep up."
12,What role do you believe local government should play in regulating housing development and density?,"Local government should strike a balance, setting clear rules to manage growth responsibly while encouraging enough development to meet housing needs. They need to ensure infrastructure, schools and services keep pace and protect community interests without blocking progress."
13,How might environmental concerns factor into decisions about urban density and zoning?,Environmental concerns matter a lot. More density can reduce sprawl and help the planet but it needs smart planning to protect green spaces and avoid issues like pollution or flooding.
14,"What economic effects, both positive and negative, might result from changing zoning laws to allow more multi-family housing?","Changing zoning to allow more multi-family housing can boost the economy by creating jobs and more affordable homes, attracting people and businesses. But it might also strain local services and cause property values to shift, which can upset some residents."
15,How do you think the interests of current residents versus future residents should be balanced when making zoning decisions?,I think zoning decisions should fairly balance current residents' concerns with the needs of future residents. Itâ€™s important to respect existing community character while also making room for growth and affordable housing that benefits everyone in the long run.
16,What role do you think social equity and access to opportunity play in discussions about zoning and housing policy?,"Social equity and access to opportunity are crucial in zoning and housing policy. Policies should ensure everyone regardless of background, can live in safe, affordable neighborhoods with access to good schools, jobs and transportation."
17,How confident are you that changes in Higher density housing lead to changes in Support for Upzoning? Does it have a positive effect (increasing it) or a negative effect (decreasing it)? How strong is this effect?,Iâ€™m somewhat confident that higher density housing can increase support for upzoning especially if people see benefits like more affordable options and better amenities.
18,What causes changes in Support for Upzoning? Are these influences strong or weak?,"Changes in support for upzoning are mainly caused by factors like how people perceive the impact on housing affordability, neighborhood character, traffic and school capacity."
19,"Would small changes in Affordable housing lead to noticeable changes in Support for Upzoning, or would it take larger shifts? Does it have a positive effect (increasing it) or a negative effect (decreasing it)? How strong is this effect?","Even small changes in affordable housing can lead to noticeable increases in support for upzoning, especially among people who are directly affected by high housing costs."
20,"Is the effect of Increased housing supply on Support for Upzoning immediate, or does it take time to develop? Does it have a positive effect (increasing it) or a negative effect (decreasing it)? How strong is this effect?","The effect of increased housing supply on support for upzoning usually takes time to develop. It tends to be positive, but the impact isnâ€™t immediate because people often need to see or experience real changes like lower rents or more availability before shifting their views."
21,How confident are you that changes in Transportation systems lead to changes in Support for Upzoning? Does it have a positive effect (increasing it) or a negative effect (decreasing it)? How strong is this effect?,"Improved transportation usually increases support for upzoning by making dense areas more livable.
The effect is positive and moderately strong, especially when benefits are clearly visible."
22,"Does Responsible growth management have a positive or negative effect on Support for Upzoning, and how significant is this effect? Does it have a positive effect (increasing it) or a negative effect (decreasing it)? How strong is this effect?",Responsible growth management has a positive effect on support for upzoning. The effect is fairly strong because it reassures people that change will be well-planned and balanced.
23,"Would small changes in Urban density lead to noticeable changes in Support for Upzoning, or would it take larger shifts? Does it have a positive effect (increasing it) or a negative effect (decreasing it)? How strong is this effect?",Small changes in urban density usually donâ€™t cause big shifts in support for upzoning. It generally has a positive effect but the impact is moderate and builds over time.
24,How confident are you that changes in Economic growth lead to changes in Support for Upzoning? Does it have a positive effect (increasing it) or a negative effect (decreasing it)? How strong is this effect?,Iâ€™m fairly confident that economic growth boosts support for upzoning. It has a positive effect often a moderately strong one as more growth means more demand for housing.
25,How confident are you that changes in Respecting existing community character lead to changes in Support for Upzoning? Does it have a positive effect (increasing it) or a negative effect (decreasing it)? How strong is this effect?,"Iâ€™m quite confident that respecting community character affects support for upzoning. It usually has a positive effect on support when done well, but the impact is moderate since people value preserving their neighborhood vibe."
26,How confident are you that changes in Access to Opportunity lead to changes in Support for Upzoning? Does it have a positive effect (increasing it) or a negative effect (decreasing it)? How strong is this effect?,"Iâ€™m pretty confident that better access to opportunity boosts support for upzoning. It has a positive effect and the impact tends to be fairly strong because people want fair chances for jobs, schools and services."
27,"What might lead to increases or decreases in Upzoning policies, and how significant are these effects? Please also indicate if these influences are positive (increasing) or negative (decreasing).",Housing shortages and affordable housing needs boost upzoning support strongly. Concerns like traffic and neighborhood change tend to reduce support significantly.
28,How would you describe the relationship between Positive effect on support for upzoning and Support for Upzoning? Is it a strong or weak connection? Does it have a positive effect (increasing it) or a negative effect (decreasing it)? How strong is this effect?,"Positive effects clearly increase support for upzoning, showing a strong connection. The impact is mostly positive and quite significant in shaping opinions."
29,How would you describe the relationship between Positive effect and Support for Upzoning? Is it a strong or weak connection? Does it have a positive effect (increasing it) or a negative effect (decreasing it)? How strong is this effect?,"Positive effects generally boost support for upzoning, showing a strong and clear connection. This influence is positive and tends to have a significant impact on increasing support."
30,"Would small changes in Moderately strong effect lead to noticeable changes in Support for Upzoning, or would it take larger shifts? Does it have a positive effect (increasing it) or a negative effect (decreasing it)? How strong is this effect?",Moderately strong effects usually need moderate to larger changes to impact support noticeably. They have a positive effect generally increasing support for upzoning.
31,How confident are you that changes in Moderate impact lead to changes in Support for Upzoning? Does it have a positive effect (increasing it) or a negative effect (decreasing it)? How strong is this effect?,Iâ€™m somewhat confident moderate impacts affect support for upzoning. They tend to have a positive effect moderately increasing support.